{
  "name": "虚无精华",
  "icon": "bloodmagic:voiding_anointment",
  "category": "bloodmagic:alchemy_table/anointments",
  "pages": [
    {
      "type": "bloodmagic:crafting_alchemy_table",
      "heading": "虚无精华",
      "recipe": "bloodmagic:alchemytable/voiding_anointment",
      "text": "销毁挖掘时获得的方块的简单方法，例如石头，泥土。 $(br2)有效物品:工具，剑，炸药。 $(br2)套用: 虚无I (256 方块)"
    },
    {
      "type": "bloodmagic:crafting_alchemy_table",
      "heading": "虚无精华 L",
      "recipe": "bloodmagic:alchemytable/voiding_anointment_l",
      "text": "这种升级版的药剂可延长4倍效果次数。 $(br2)套用: 虚无I (1024 方块)"
    },
    {
      "type": "bloodmagic:crafting_alchemy_table",
      "heading": "虚无精华 XL",
      "recipe": "bloodmagic:alchemytable/voiding_anointment_xl",
      "text": "这种升级版的药剂可延长16倍效果次数。 $(br2)套用: 虚无I (4096 方块)"
    }
  ]
}