{
  "name": "炼金桌",
  "icon": "bloodmagic:alchemytable",
  "category": "bloodmagic:alchemy_table",
  "pages": [
    {
      "type": "patchouli:text",
      "text": "$(item)炼金桌$()使用来自$(l:bloodmagic:altar/soul_network)灵魂网路$(/l)的$(blood)LP$()制作物品。使用的配方和可用的阶级由输入至右侧GUI的$(item)血宝珠$() 所决定。$(br2)$(item)炼金桌$()用来制作$(6)Blood Magic$()组件，并且为原版物品提供额外配方。"
    },
    {
      "type": "patchouli:crafting",
      "recipe": "bloodmagic:alchemy_table",
      "text": "当需要查看$(item)炼金桌$()配方时你可以利用此书，(或使用$(thing)JEI$())，请将滑鼠指向带有\"LP\"标签的键头上查看时间，$(blood)LP$()消耗量，阶级资讯。"
    },
    {
      "type": "patchouli:image",
      "images": [
        "bloodmagic:images/entries/alchemy_table/alchemy_table_gui.png"
      ],
      "title": "炼金桌GUI",
      "border": true,
      "text": "炼金桌可以使用这些按钮来决定是否输入或输出。"
    },
    {
      "type": "patchouli:text",
      "text": "$(item)炼金桌$()右侧有许多的按钮。它们依序是，$(bold)D$()own，$(bold)U$()p，$(bold)N$()orth，$(bold)S$()outh，$(bold)W$()est，以及$(bold)E$()ast。要使用它们，首先点击炼金桌的任意槽位。 (在这里，我们选择了中间的成品槽位进行示范。)下一步，点击六个按钮中的其中一个来让$(item)炼金桌$()是否允许$(item)漏斗$()，管道，或其他介面来存取这个面。要恢复桌子的正常功能，"
    },
    {
      "type": "patchouli:text",
      "text": "只要再次点击槽位就可以取消选择。槽位中显示的图案可以显示他是接受输入或输出。在范例中，我们允许管道在$(bold)D$()own方面进行输送，任何试图从其他方面提取物品的尝试都不会成功。"
    },
    {
      "type": "patchouli:image",
      "images": [
        "bloodmagic:images/entries/alchemy_table/alchemy_table_orb_error.png",
        "bloodmagic:images/entries/alchemy_table/alchemy_table_soul_error.png"
      ],
      "title": "炼金桌错误",
      "anchor": "errors",
      "border": true,
      "text": "炼金桌会告诉你问题出在哪。"
    },
    {
      "type": "patchouli:text",
      "text": "炼金桌无法使用的两个最常见原因如下: $(li)$(bold)宝珠错误$():可能是相关槽位内没有血宝珠，也可能是试图使用的血宝珠阶级不够高，不适合这个配方。 $(li)$(bold)灵魂网路错误$(): 宝珠的阶级是有效的，但你可能没有进行绑定(拿著宝珠点击右键)，或是你的灵魂网路中没有足够的LP。 $(br2)以下页面记录了一些目前可以用于炼金桌的配方。"
    },
    {
      "type": "bloodmagic:3x_crafting_alchemy_table",
      "a.heading": "玻璃",
      "a.recipe": "bloodmagic:alchemytable/grass_block",
      "b.heading": "皮革",
      "b.recipe": "bloodmagic:alchemytable/leather_from_flesh",
      "c.heading": "面包",
      "c.recipe": "bloodmagic:alchemytable/bread"
    },
    {
      "type": "bloodmagic:3x_crafting_alchemy_table",
      "a.heading": "黏土",
      "a.recipe": "bloodmagic:alchemytable/clay_from_sand",
      "b.heading": "绳子",
      "b.recipe": "bloodmagic:alchemytable/string",
      "c.heading": "蜘蛛网",
      "c.recipe": "bloodmagic:alchemytable/cobweb"
    },
    {
      "type": "bloodmagic:3x_crafting_alchemy_table",
      "a.heading": "植物油",
      "a.recipe": "bloodmagic:alchemytable/plantoil_from_wheat",
      "b.recipe": "bloodmagic:alchemytable/plantoil_from_carrots",
      "c.recipe": "bloodmagic:alchemytable/plantoil_from_taters"
    },
    {
      "type": "bloodmagic:3x_crafting_alchemy_table",
      "a.heading": "植物油续",
      "a.recipe": "bloodmagic:alchemytable/plantoil_from_beets",
      "b.heading": "煤沙",
      "b.recipe": "bloodmagic:alchemytable/sand_coal",
      "c.heading": "爆炸粉末",
      "c.recipe": "bloodmagic:alchemytable/explosive_powder"
    },
    {
      "type": "bloodmagic:3x_crafting_alchemy_table",
      "a.heading": "打火石",
      "a.recipe": "bloodmagic:alchemytable/flint_from_gravel",
      "b.heading": "硝石",
      "b.recipe": "bloodmagic:alchemytable/saltpeter",
      "c.heading": "火药",
      "c.recipe": "bloodmagic:alchemytable/gunpowder"
    },
    {
      "type": "bloodmagic:2x_crafting_alchemy_table",
      "a.heading": "岩浆桶",
      "a.recipe": "bloodmagic:alchemytable/sigil_lava_bucket",
      "b.heading": "水桶",
      "b.recipe": "bloodmagic:alchemytable/sigil_water_bucket"
    },
    {
      "type": "patchouli:text",
      "text": "$(l:bloodmagic:alchemy_array/sigil/lava)岩浆印记$()及$(l:bloodmagic:alchemy_array/sigil/water)水之印记$()在这些配都不会被消耗。更重要的是$(item)水之印记$()可以用来替代$(water)水桶$()在任何炼金桌提供的配方中。"
    }
  ]
}
