{
  "processor": "wayoftime.bloodmagic.compat.patchouli.processors.PotionFlaskProcessor",
  "components": [
    {
      "type": "patchouli:header",
      "text": "#heading",
      "x": -1,
      "y": -6
    },
    {
      "type": "patchouli:text",
      "text": "#text",
      "x": 0,
      "y": 51
    },
    {
      "type": "patchouli:image",
      "image": "bloodmagic:textures/gui/patchouli_book/crafting.png",
      "x": 2,
      "y": 4,
      "u": 0,
      "v": 154,
      "texture_width": 128,
      "texture_height": 256,
      "width": 62,
      "height": 43
    },
    {
     "type": "patchouli:image",
     "image": "bloodmagic:textures/gui/patchouli_book/crafting.png",
      "x": 65,
      "y": 4,
      "u": 44,
      "v": 111,
      "texture_width": 128,
      "texture_height": 256,
      "width": 49,
      "height": 43
    },
	{
      "type": "patchouli:item",
      "item": "bloodmagic:alchemytable",
      "x": 94,
      "y": 27
    },
    {
      "type": "patchouli:item",
      "item": "#input1",
      "x": 6,
      "y": 8
    },
    {
      "type": "patchouli:item",
      "item": "#input2",
      "x": 25,
      "y": 8
    },
    {
      "type": "patchouli:item",
      "item": "#input3",
      "x": 44,
      "y": 8
    },
    {
      "type": "patchouli:item",
      "item": "#input4",
      "x": 6,
      "y": 27
    },
    {
      "type": "patchouli:item",
      "item": "#input5",
      "x": 25,
      "y": 27
    },
    {
      "type": "patchouli:item",
      "item": "#input6",
      "x": 44,
      "y": 27
    },
    {
      "type": "patchouli:item",
      "item": "#orb",
      "x": 69,
      "y": 27
    },
    {
      "type": "patchouli:tooltip",
      "tooltip": ["成本: #syphon# LP", "持续: #time# Ticks", "阶级: #tier#+"],
      "x": 69,
      "y": 8,
      "width": 16,
      "height": 16
    },
    {
      "type": "patchouli:text",
      "text": "LP",
      "x": 74,
      "y": 6
    },
    {
      "type": "patchouli:item",
      "item": "#output",
      "link_recipe": "true",
      "x": 94,
      "y": 8
    }
  ]
}