{
  "name": "炼金术反应室",
  "icon": "bloodmagic:alchemicalreactionchamber",
  "category": "bloodmagic:utility",
  "pages": [
     {
      "type": "patchouli:text",
      "text": "$(item)炼金术反应室$()还没有完全实现，但在其他方面能作为$(thing)熔炉$()使用，提供另一种$(l:bloodmagic:utility/ore_processing)矿物冶炼$()方式，是目前逆转$(l:bloodmagic:altar/soul_network)血宝珠$()，并且获得$(blood)微弱血碎片$()，特别是$(l:bloodmagic:dungeons/tau_fruit)饱满血命果$()的唯一途径。"
    },
    {
      "type": "patchouli:crafting",
      "recipe": "bloodmagic:arc"
    },
    {
      "type": "bloodmagic:crafting_soulforge",
      "heading": "血染复原器",
      "recipe": "bloodmagic:soulforge/sanguine_reverter",
	  "anchor": "blood_shard",
      "text": "$(item)血染复原器$()使用来逆转$(l:bloodmagic:altar/soul_network)血宝珠$()并制作$(blood)微弱血碎片$()的物品。"
    },
    {
      "type": "bloodmagic:3x_crafting_arc",
      "a.heading": "微弱血碎片",
      "a.recipe": "bloodmagic:arc/weakbloodshard_tau",
      "b.heading": "逆转　微弱血宝珠",
      "b.recipe": "bloodmagic:arc/reversion/weak_blood_orb",
      "c.heading": "逆转　学徒血宝珠",
      "c.recipe": "bloodmagic:arc/reversion/apprentice_blood_orb"
    },
    {
      "type": "bloodmagic:2x_crafting_arc",
      "a.heading": "逆转 法师血宝珠",
      "a.recipe": "bloodmagic:arc/reversion/magician_blood_orb",
      "b.heading": "逆转 大师血宝珠",
      "b.recipe": "bloodmagic:arc/reversion/master_blood_orb",
      "b.text": "翻开页面，了解更多炼金术反应室的用途。"
    },
    {
      "type": "empty"
    },
    {
      "type": "patchouli:crafting",
      "heading": "水化单元",
      "recipe": "bloodmagic:primitive_hydration_cell",
      "text": "水化单元被用来制作黏土，即平衡的基础。"
    },
    {
      "type": "bloodmagic:2x_crafting_arc",
      "a.heading": "黏土 来自 沙",
      "a.recipe": "bloodmagic:arc/clay_from_sand",
      "a.fluid_input": "minecraft:water_bucket",
      "b.heading": "黏土 来自 陶土",
      "b.recipe": "bloodmagic:arc/clay_from_terracotta",
      "b.fluid_input": "minecraft:water_bucket"
    }
  ]
}
