{
  "name": "传送器",
  "icon": "bloodmagic:teleposerfocus",
  "category": "bloodmagic:utility",
  "pages": [
    {
      "type": "patchouli:text",
      "text": "$(item)传送器$()能使用$(fire)红石控制$()进行瞬间移动简单地制作$(item)传送定位点$() (后面页面)，将其与目标传送器绑定，并放入另一个传送定位点中。然后对有定位点的传送器施加一个红石讯号。 任何东西 - 方块，物品，生物，玩家 - 在规定的范围内，传送器上的东西将被交换。"
    },
    {
      "type": "patchouli:crafting",
      "recipe": "bloodmagic:teleposer",
      "text":"然而，没有任何东西是免费的;透过传送器传送每穿越两格方块就需要耗费$(blood)1 LP$()，最大每个方块/生物可以消耗$(blood)1,000 LP$()，或$(blood)10,000 LP$()全部。"
    },
    {
      "type": "bloodmagic:crafting_altar",
      "heading": "传送定位点",
      "recipe": "bloodmagic:altar/teleposer_focus",
      "text": "基本$(item)传送定位点$()将交换两个传送器方块上方1x1x1范围内的任何东西。"
    },
    {
      "type": "bloodmagic:crafting_altar",
      "heading": "附魔定位点",
      "recipe": "bloodmagic:altar/enhanced_teleposer_focus",
      "text": "$(item)附魔定位点$()将交换两个传送器方块上方3x3x3范围内的任何东西。"
    },
    {
      "type": "patchouli:crafting",
      "recipe": "bloodmagic:enhanced_teleposer_focus",
      "text": "$(item)增强传送定位点$() 将交换两个传送器方块上方5x5x5范围内的任何东西。"
    },
    {
      "type": "patchouli:text",
      "text": "传送器能够被单向连接(这样一来，就算有红石讯号到出口的传送器也不会有任何作用)，双向(每个传送器都有一个定位点连接到另一个传送器，使你可以使用红石讯号来回传送)，甚至能够串联 - A到B到C最后回到A点。疯狂穿越基地的电梯系统及地城吧!"
    }
  ]
}
