{
  "name": "绿丛印记",
  "icon": "bloodmagic:growthsigil",
  "category": "bloodmagic:alchemy_array/sigil",
  "pages": [
    {
      "type": "patchouli:text",
      "text": "$(item)绿丛印记$()是一种多用途的工具。在炼金制作阵中加入$(item)促生试剂$()和$(item)强化石板$()所制作，印记可以使用 $(thing)灵魂网路$()中的$(blood)LP$()使周围的植物加速生长。"
    },
    {
      "type": "bloodmagic:crafting_2-step_sigil",
      "alchemy_table.heading": "促生试剂",
      "alchemy_table.recipe": "bloodmagic:alchemytable/reagent_growth",
      "array.heading": "绿丛印记",
      "array.recipe": "bloodmagic:array/growthsigil"
    },
    {
      "type": "patchouli:image",
      "images": [
        "bloodmagic:images/entries/sigil/grove_sigil1.png",
        "bloodmagic:images/entries/sigil/grove_sigil2.png",
        "bloodmagic:images/entries/sigil/grove_sigil3.png"
      ],
      "title": "绿丛印记阵",
      "border": true,
      "text": "绿丛印记阵，加上主要用途。"
    },
    {
      "type": "patchouli:text",
      "text": "如果对著可以$(2)生长的$()的方块按下[$(k:use)]，它将会受到骨粉的效果，代价为$(blood)150 LP$()。 $(br2)然而当你对著空气同时按住[$(k:sneak)]以及[$(k:use)]，它将会被点亮显示被活化，并每5秒消耗 $(blood)150 LP$()。以玩家为中心的7*7*5区域中，每个方块都将每Tick增长。有利于耕种!"
    },
    {
      "type": "patchouli:text",
      "flag": "mod:curios",
      "text": "由于你安装了$(thing)Curios API$()，你能够将$(item)印记$()作为饰品放入。如果你想同时配戴更多饰品，考虑使用 $(l:bloodmagic:alchemy_array/sigil/holding)维持印记$()，或者为你的$(l:bloodmagic:alchemy_array/living_equipment/living_basics)束灵铠甲$()提供$(l:bloodmagic:alchemy_array/living_equipment/armor_upgrades/curios_sockets)插槽$()。"
    }
  ]
}
