{
  "name": "岩浆印记",
  "icon": "bloodmagic:lavasigil",
  "category": "bloodmagic:alchemy_array/sigil",
  "pages": [
    {
      "type": "patchouli:text",
      "text": "它的姊妹印记$(l:bloodmagic:alchemy_array/sigil/water)水之印记$(/l)。当你持有$(item)岩浆印记$()时按下[$(k:use)]将在地面上创造一格$(fire)岩浆$()，代价为 $(blood)1000 LP$()。在$(l:bloodmagic:alchemy_array/functional_arrays/arcane_ash)奥术灰烬$(/l)中使用$(item)岩浆试剂$()和$(item)空白石板$()所制作，如果在$(l:bloodmagic:altar/soul_network)灵魂网路$(/l)中没有足够的LP，它将消耗5颗心。"
    },
    {
      "type": "bloodmagic:crafting_2-step_sigil",
      "alchemy_table.heading": "岩浆试剂",
      "alchemy_table.recipe": "bloodmagic:alchemytable/reagent_lava",
      "array.heading": "岩浆印记",
      "array.recipe": "bloodmagic:array/lavasigil",
      "array.text": "$(italic)烫!不能吃。$()"
    },
    {
      "type": "patchouli:image",
      "images": [
        "bloodmagic:images/entries/sigil/lava_sigil1.png",
        "bloodmagic:images/entries/sigil/lava_sigil2.png"
      ],
      "title": "岩浆印记阵",
      "border": true,
      "text": "岩浆印记阵，加上主要用途。"
    },
    {
      "type": "bloodmagic:crafting_alchemy_table",
      "heading": "岩浆桶",
      "recipe": "bloodmagic:alchemytable/sigil_lava_bucket",
      "text": "更重要的是它能够在$(l:bloodmagic:alchemy_table/alchemy_table)炼金桌$()实现 $(fire)岩浆桶$()的自动化生产。在这个配方中印记不会被消耗。"
    }
  ]
}
