{
  "name": "速掘印记",
  "icon": "bloodmagic:miningsigil",
  "category": "bloodmagic:alchemy_array/sigil",
  "pages": [
    {
      "type": "patchouli:text",
      "text": "$(item)速掘印记$()即用来快速挖掘，当按下[$(k:sneak)]及[$(k:use)]活化,代价为每5秒$(blood)100 LP$()并套用快速挖掘效果。因此，它能够提高挖掘、砍伐，切割速度。使用$(item)采掘试剂$()及$(item)强化石板$()在炼金制作阵中制作。"
    },
    {
      "type": "bloodmagic:crafting_2-step_sigil",
      "alchemy_table.heading": "采掘试剂",
      "alchemy_table.recipe": "bloodmagic:alchemytable/reagent_fastminer",
      "array.heading": "速掘印记",
      "array.recipe": "bloodmagic:array/fastminersigil"
    },
    {
      "type": "patchouli:image",
      "images": [
        "bloodmagic:images/entries/sigil/mining_sigil1.png",
        "bloodmagic:images/entries/sigil/mining_sigil2.png"
      ],
      "title": "速掘印记阵",
      "border": true,
      "text": "速掘印记阵，加上主要用途。"
    },
    {
      "type": "patchouli:text",
      "flag": "mod:curios",
      "text": "由于你安装了$(thing)Curios API$()，你能够将$(item)印记$()作为饰品放入。如果你想同时配戴更多饰品，考虑使用 $(l:bloodmagic:alchemy_array/sigil/holding)维持印记$()，或者为你的$(l:bloodmagic:alchemy_array/living_equipment/living_basics)束灵铠甲$()提供$(l:bloodmagic:alchemy_array/living_equipment/armor_upgrades/curios_sockets)插槽$()。"
    }
  ]
}
