{
  "name": "水之印记",
  "icon": "bloodmagic:watersigil",
  "category": "bloodmagic:alchemy_array/sigil",
  "pages": [
    {
      "type": "patchouli:text",
      "text": "$(item)水之印记$()是一个相当简单的印记，当看向某个方块并按下[$(k:use)]，你可以从你的$(l:bloodmagic:altar/soul_network)灵魂网路中消耗100LP$(/l)创造水源。如果在没有足够的LP，它将消耗心。使用$(item)水之试剂$()及$(item)空白石板$()。制作"
    },
    {
      "type": "bloodmagic:crafting_2-step_sigil",
      "alchemy_table.heading": "水之试剂",
      "alchemy_table.recipe": "bloodmagic:alchemytable/reagent_water",
      "array.heading": "水之印记",
      "array.recipe": "bloodmagic:array/watersigil",
      "array.text": "$(italic)无限的水，每个人都行?"
    },
    {
      "type": "patchouli:image",
      "images": [
        "bloodmagic:images/entries/sigil/water_sigil1.png",
        "bloodmagic:images/entries/sigil/water_sigil2.png"
      ],
      "title": "水之印记阵",
      "border": true,
      "text": "水之印记阵，加上主要用途。"
    },
    {
      "type": "bloodmagic:crafting_alchemy_table",
      "heading": "水桶",
      "recipe": "bloodmagic:alchemytable/sigil_water_bucket",
      "text": "更重要的是它能够在$(l:bloodmagic:alchemy_table/alchemy_table)炼金桌$()实现 $(water)水桶$()的自动化生产。在这个配方中印记不会被消耗。"
    }
  ]
}
