{
  "name": "仪式石",
  "icon": "bloodmagic:waterritualstone",
  "category": "bloodmagic:rituals",
  "extra_recipe_mappings": {
    "bloodmagic:airritualstone": 0,
    "bloodmagic:fireritualstone": 0,
    "bloodmagic:waterritualstone": 0,
    "bloodmagic:earthritualstone": 0,
    "bloodmagic:duskritualstone": 0
  },
  "pages": [
    {
      "type": "patchouli:text",
      "text": "$(item)仪式石$()是让你在上面绘制$(item)仪式$()的画布。它们看起来相当别致，可以用各种$(l:bloodmagic:rituals/ritual_diviner)元素铭文工具$()刻上符文。$(br2)请注意，铭文工具以前是有耐久度的，但现在可以永远使用!欢呼吧!你可以尽情使用$(fire)火仪式石$()装饰你的基地。"
    },
    {
      "type": "patchouli:crafting",
      "recipe": "bloodmagic:ritual_stone_blank",
      "recipe2": "bloodmagic:ritual_stone_master"
    }
  ]
}
