{
  "name": "仪式占卜杖",
  "icon": "bloodmagic:ritualdiviner",
  "category": "bloodmagic:rituals",
  "pages": [
    {
      "type": "patchouli:text",
      "text": "仪式的建造是一项复杂的工作;即使你有正确的$(item)铭文工具$()，你也不能期望它自己刻上仪式。幸运的是，$(item)仪式占卜杖$()能在这里提供帮助。 $(br2)对著空气按住[$(k:sneak)]并按下[$(k:use)]或[$(k:attack)]就能循环选择你可以使用的仪式。"
    },
    {
      "type": "patchouli:crafting",
      "recipe": "bloodmagic:ritual_diviner_0",
      "text": "只需要看向$(item)主仪式石$()并按下[$(k:use)]。仪式占卜杖就能使用你身上带著的任何$(item)仪式石$()完成建造选定的仪式。这就像魔法一样!"
    },
    {
      "type": "patchouli:text",
      "text": "仪式占卜杖可以打破可替换的任何方块(像是草，雪，其他)，但没办法破坏泥土，石头等坚固的方块，所以在施工前确保场地清空，否则你的$(l:bloodmagic:rituals/activation_crystals)活化水晶$()将不会运作。 $(br2)值得注意的是，基本的仪式占卜杖只能建造一些简单的仪式。如果你想让它发挥完整的作用，你需要使用$(dusk)铭文工具: 薄暮$()进行升级。"
    },
    {
      "type": "patchouli:crafting",
      "recipe": "bloodmagic:ritual_diviner_1",
      "anchor": "dusk",
      "text": "与元素铭文工具不同，仪式占卜杖和仪式占卜杖[薄暮]永远不会消耗。"
    },
    {
      "type": "patchouli:text",
      "text": "制作基本的仪式占卜杖需要每种$(item)元素铭文工具$()各一个，以及一个阶级3的$(l:bloodmagic:altar/blood_altar)血祭坛$(/l)。$(br2)四种元素铭文工具可以在你的祭坛中每个使用$(blood)1,000 LP$()制作，如以下几页所介绍的。仪式占卜杖[薄暮]则需要，阶级4的祭坛并透过消耗$(blood)2,000 LP$()制作两个铭文工具: 薄暮。"
    },
    {
      "type": "patchouli:text",
      "text": "你也可以用这些工具手刻符文，但这只应该作为装饰用途，因为它既缓慢又不准确。"
    },
    {
      "type": "bloodmagic:2x_crafting_altar",
      "a.heading": "铭文工具: 风",
      "a.recipe": "bloodmagic:altar/air_tool",
      "b.heading": "铭文工具: 火",
      "b.recipe": "bloodmagic:altar/fire_tool"
    },
    {
      "type": "bloodmagic:2x_crafting_altar",
      "a.heading": "铭文工具: 水",
      "a.recipe": "bloodmagic:altar/water_tool",
      "b.heading": "铭文工具: 土",
      "b.recipe": "bloodmagic:altar/earth_tool"
    },
    {
      "type": "bloodmagic:crafting_altar",
      "heading": "铭文工具: 薄暮",
      "recipe": "bloodmagic:altar/dusk_tool"
    }
  ]
}
