{
  "name": "弹性",
  "icon": "minecraft:slime_ball",
  "category": "bloodmagic:alchemy_table/potion_flasks/blood_magic",
  "pages": [
    {
      "type": "patchouli:text",
      "text": "如果目标即将受到坠落伤害，则$(thing)弹性$()会使其不受伤害地弹跳。 Whee! $(br2)在坠落前蹲下可以阻止弹跳。"
    },
    {
      "type": "bloodmagic:3x_crafting_flask",
      "a.heading": "弹性 (3:00)",
      "a.recipe": "bloodmagic:flask/bounce",
      "b.heading": "弹性 (8:00)",
      "b.recipe": "bloodmagic:flask/length_bounce",
      "c.heading": "弹性 (21:20)",
      "c.recipe": "bloodmagic:flask/length_average_bounce"
    }
  ]
}
