{
  "name": "遗魂仪式",
  "icon": "bloodmagic:rawcatalyst",
  "category": "bloodmagic:rituals/ritual_list",
  "pages": [
    {
      "type": "multiblock",
      "name": "遗魂仪式",
      "multiblock_id": "bloodmagic:forsaken_soul",
      "text": "使用$(l:bloodmagic:rituals/ritual_diviner#dusk)仪式占卜杖 [薄暮]$(/l)以方便建造。"
    },
    {
      "type": "bloodmagic:ritual_info",
      "ritual": "forsaken_soul"
    },
    {
      "type": "bloodmagic:ritual_data",
      "ritual": "forsaken_soul",
      "page_type": "crystal",
      "text_overrides": [
        ["catalysts", "l:bloodmagic:demon_will/will_manipulation/will_catalysts"]
      ]
    },
    {
      "type": "bloodmagic:ritual_data",
      "ritual": "forsaken_soul",
      "page_type": "chest",
      "text_overrides": [
        ["catalyst", "l:bloodmagic:demon_will/will_manipulation/will_catalysts"]
      ]
    }
  ]
}
