{
  "name": "隐域仪式",
  "icon": "bloodmagic:simplekey",
  "category": "bloodmagic:rituals/ritual_list",
  "pages": [
    {
      "type": "multiblock",
      "name": "隐域仪式",
      "multiblock_id": "bloodmagic:simple_dungeon",
      "text": "使用$(l:bloodmagic:rituals/ritual_diviner#dusk)仪式占卜杖 [薄暮]$(/l)以方便建造。"
    },
    {
      "type": "bloodmagic:ritual_info",
      "ritual": "simple_dungeon",
      "text_overrides": [
        ["Demon Realm", "thing"]
      ]
    }
  ]
}
