{
  "name": "苦难之井仪式",
  "icon": "bloodmagic:life_essence_bucket",
  "category": "bloodmagic:rituals/ritual_list",
  "pages": [
    {
      "type": "multiblock",
      "name": "苦难之井仪式",
      "multiblock_id": "bloodmagic:well_of_suffering",
      "text": "使用$(l:bloodmagic:rituals/ritual_diviner#dusk)仪式占卜杖 [薄暮]$(/l)以方便建造。"
    },
    {
      "type": "bloodmagic:ritual_info",
      "ritual": "well_of_suffering",
      "text_overrides": [
        ["LP", "blood"],
        ["blood altar", "l:bloodmagic:altar/blood_altar"]
      ]
    },
    {
      "type": "patchouli:text",
      "text": "仪式将会攻击其范围内的生物，并将吸取的$(blood)血液$()存入周围的$(l:bloodmagic:altar/blood_altar)血祭坛$()。在祭坛上放上一个$(l:bloodmagic:altar/soul_network)血宝珠$()，也许再加上几个$(l:bloodmagic:altar/blood_rune/sacrifice_rune)献祭符文$()你就再也不用担心你的LP了...只要你能提供足够的生物。" 
    },
    {
      "type": "bloodmagic:ritual_data",
      "ritual": "well_of_suffering",
      "page_type": "altar",
      "text": "仪式同时只能连接到一个祭坛。",
      "text_overrides": [
        ["Blood Altar", "l:bloodmagic:altar/blood_altar"],
        [" Blood", "blood"]
      ]
    },
    {
      "type": "bloodmagic:ritual_data",
      "ritual": "well_of_suffering",
      "page_type": "damage",
      "text": "生物仍然会掉落非玩家击杀的掉落物。"
    }
  ]
}
