{
  "name": "虚无仪式",
  "icon": "minecraft:black_stained_glass",
  "category": "bloodmagic:rituals/ritual_list",
  "pages": [
    {
      "type": "multiblock",
      "name": "虚无仪式",
      "multiblock_id": "bloodmagic:yawning_void",
      "text": "使用$(l:bloodmagic:rituals/ritual_diviner#dusk)仪式占卜杖 [薄暮]$(/l)以方便建造。"
    },
    {
      "type": "bloodmagic:ritual_info",
      "ritual": "yawning_void"
    },
    {
      "type": "bloodmagic:ritual_data",
      "ritual": "yawning_void",
      "page_type": "raw",
      "text_overrides": [
        ["Raw Will", "raw"]
      ]
    },
    {
      "type": "bloodmagic:ritual_data",
      "ritual": "yawning_void",
      "page_type": "corrosive",
      "text_overrides": [
        ["filter", "item"]
        ],
      "text": "需要设置过滤器，摆上任何形式的$(item)物品过滤器$()并连接至$(item)储物箱$()。仪式只会使用它找到的第一个过滤器，但能够接受$(l:bloodmagic:demon_will/item_routing/standard_item_filter)标准$()， $(l:bloodmagic:demon_will/item_routing/tag_item_filter)标签$()， $(l:bloodmagic:demon_will/item_routing/mod_item_filter)模组$()，以及$(l:bloodmagic:demon_will/item_routing/composite_item_filter)复合物品过滤器$()。列入黑名单也有效!"
    },
    {
      "type": "bloodmagic:ritual_data",
      "ritual": "yawning_void",
      "page_type": "steadfast"
    },
    {
      "type": "bloodmagic:ritual_data",
      "ritual": "yawning_void",
      "page_type": "quarryRange"
    },
    {
      "type": "bloodmagic:ritual_data",
      "ritual": "yawning_void",
      "page_type": "chest",
      "text_overrides": [
        ["Item Filter", "item"]
        ]
    },
    {
      "type": "bloodmagic:ritual_data",
      "ritual": "yawning_void",
      "page_type": "placementRange"
    }
  ]
}
