{
  "name": "复合物品过滤器",
  "icon": "bloodmagic:itemrouterfiltercomposite",
  "category": "bloodmagic:demon_will/item_routing",
  "pages":[
    {
      "type": "patchouli:text",
      "text": "$(item)复合物品过滤器$() 本身没有任何作用，但当与另一种$(item)过滤器$()结合时，能将该过滤器的规则套用到此。 $(br2)这代表你可以，例如使用附魔过滤器的任何附魔，和标签过滤器的＂Forge:swords＂标签允许有附魔的剑通过。"
    },
    {
      "type": "patchouli:text",
      "text": "就像$(l:bloodmagic:demon_will/item_routing/standard_item_filter)标准物品过滤器$()，拥有一个数量选择器，和允许/拒绝的功能。将数量留空，预设为＂全部＂。当你把它跟其他过滤器结合时，GUI会出现其他按钮。"
    },
    {
      "type": "bloodmagic:2x_crafting_alchemy_table",
      "a.heading": "复合物品过滤器",
      "a.recipe": "bloodmagic:alchemytable/composite_router_filter",
      "b.heading": "添加一个A标签过滤器",
      "b.recipe": "bloodmagic:alchemytable/filter/composite_tag_filter"
    },
    {
      "type": "bloodmagic:2x_crafting_alchemy_table",
      "a.heading": "添加一个附魔过滤器",
      "a.recipe": "bloodmagic:alchemytable/filter/composite_enchant_filter",
      "b.heading": "添加一个模组过滤器",
      "b.recipe": "bloodmagic:alchemytable/filter/composite_mod_filter"
    }
  ]
}
