{
  "name": "路由节点",
  "icon": "bloodmagic:masterroutingnode",
  "category": "bloodmagic:demon_will/item_routing",
  "priority": "true",
  "pages":[
    {
      "type": "patchouli:text",
      "text": "对某些人来说，用手拖动物品是正常的，但我们身为炼金术士。更重要的是我们有机会接触到$(raw)恶魔意志$()!这当然会使我们有一个更好的方法处理这些事情。$(br2)因此，你设法想出了$(thing)路由节点$()。这些东西提供了一种强大的方式来进行运输、分类、过滤物品，按照你的命令将它们神奇的传送至网路。"
    },
    {
      "type": "patchouli:text",
      "text": "$(thing)路由节点网路$()有3个主要组成: $(item)输入节点$()，$(item)输出节点$()，以及$(item)主路由节点$()。$(br2)所有的网路都需要1个$(item)主路由节点$()，而网路中的每一个节点都需要能够追踪主路由节点，无论是直接返还或透过其他节点。 $(br2)输入和输出节点可以从任何有储存空间的方块分别提取或输入物品。"
    },
    {
      "type": "bloodmagic:crafting_soulforge",
      "heading": "主路由节点",
      "recipe": "bloodmagic:soulforge/master_routing_node",
      "text": "主路由节点在未来能够升级，目前它只能控制和指挥网路,当作＂大脑＂。"
    },
    {
      "type": "patchouli:text",
      "text": "$(item)主路由节点$()是非常好的，但如果没有其他两种节点，它本身并没有用处，所以接下来我们来探讨这些。$(br2)$(item)输入路由节点$()将物品输入至网路，$(item)输出路由节点$()再次输出物品，和普通的$(item)路由节点$()延伸你的网路。由于输入和输出节点目前在其他方面是相同的，除非另有说明，否则我们将把重点放在输入路由节点。"
    },
    {
      "type": "bloodmagic:crafting_soulforge",
      "heading": "路由节点",
      "recipe": "bloodmagic:soulforge/routing_node",
      "text": "它本身没有用处，但可以用来延伸超过16格范围的$(thing)路由网路$()。"
    },
    {
      "type": "bloodmagic:2x_crafting_soulforge",
      "a.heading": "输入路由节点",
      "a.recipe": "bloodmagic:soulforge/input_routing_node",
      "b.heading": "输出路由节点",
      "b.recipe": "bloodmagic:soulforge/output_routing_node"
    },
    {
      "type": "patchouli:text",
      "text": "当你将一个输入或输出节点放下来时，它将自动连接到附近$(thing)所有相邻的储存空间$()，但如果没有任何$(item)过滤器$()它将不会做任何事情，至少需要在其中一侧需要某种过滤器。例如，你可以在$(item)熔炉$()上方放置$(l:bloodmagic:demon_will/item_routing/standard_item_filter)标准物品过滤器$()并设定$(item)铁矿$()，第二个过滤器则在熔炉侧边并设定煤炭，下面的输入节点设定为铁锭。"
    },
    {
      "type": "patchouli:image",
      "images": [
        "bloodmagic:images/entries/routing/node_demo.png"
      ],
      "border": true,
      "text": "放在世界上的输出节点。"
    },
    {
      "type": "patchouli:image",
      "images": [
        "bloodmagic:images/entries/routing/node_gui_right.png"
      ],
      "border": true,
      "text": "一但我们完成了节点设定,让我们打开节点GUI。"
    },
    {
      "type": "patchouli:text",
      "text": "在右边，有我们的基本方位 - $(bold)D$()own，$(bold)U$()p，$(bold)N$()orth，$(bold)S$()outh，$(bold)W$()est，以及$(bold)E$()ast。你会注意到有一些按钮会出现块状的内容，代表节点侧的内容物。GUI将在面对储物空间的一侧打开，如果没有储物空间则向下，按钮本身按照玩家面对的方向，所以顶部的按钮为往前，左边的按钮为向左。"
    },
    {
      "type": "patchouli:image",
      "images": [
        "bloodmagic:images/entries/routing/node_gui_left.png"
      ],
      "border": true
    },
    {
      "type": "patchouli:text",
      "text": "在左边，你将看到一个空间，让我们为选定的一边插入过滤器，以及优先权。越大的数字 = 越重要。 $(br2)节点的每一侧都能有一个过滤器 - 因此我们选择想要的面，并把过滤器放进去。(更多关于过滤器的说明，看＂基础过滤器＂)"
    },
    {
      "type": "patchouli:text",
      "text": "一但你的输入输出节点都设定完成，并且经由$(l:bloodmagic:demon_will/item_routing/node_router)节点路由$()的帮助下连接到$(item)主路由节点$()，以及物品过滤器有正确的放入两侧，你就准备好了!你的物品将根据你的过滤器所包含的优先权和规则进行输送。"
    },
    {
      "type": "patchouli:image",
      "images": [
        "bloodmagic:images/entries/routing/network_demo.png"
      ],
      "border": true,
      "text": "节点不需要直接与$(item)主路由节点$()相连，只需与网路的任何节点相连。"
    }
  ]
}
