{
  "name": "强壮膝盖",
  "icon": "minecraft:diamond_leggings",
  "category": "bloodmagic:alchemy_array/living_equipment/armor_upgrades",
  "pages": [
    {
      "type": "patchouli:text",
      "text": "效果增加跳跃高度并减少坠落伤害，最多可以增加7.5个方块高级83%坠落伤害。可以透过跳跃时按住[$(k:sneak)]来停用。 $(br2)训练:持续跳跃。 $(br2)最高等级: 10"
    },
    {
      "type": "bloodmagic:living_armour_upgrade_table",
      "upgrade": "bloodmagic:jump"
    }
  ]
}
