{
  "name": "灵魂网路",
  "icon": "bloodmagic:weakbloodorb",
  "category": "bloodmagic:altar",
  "pages": [
    {
      "type": "patchouli:text",
      "text": "$(thing)灵魂网路$()是连接你的$(thing)灵魂$()到你所有绑定的物品，仪式及方块。功能性上，做为每个玩家$(blood)LP$()的全局储存，可以使玩家的绑定物品成为仲介，加入或汲取。当你第一次对可以绑定$(thing)灵魂网路$()的物品按下[$(k:use)]时，它就会与你绑定。"
    },
    {
      "type": "patchouli:text",
      "text": "被你\"拥有\"。因此该物品所作需要耗费的$(blood)LP$()都会从你的$(thing)灵魂网路$()消耗。在某些例子，当该物品无法从你的$(thing)灵魂网路$()获取足够的$(blood)LP$()时，会直接从你的生命值提取$(blood)LP$()。$(br2)在其他情况下，(例如当一个正在进行的仪式将你的灵魂网路耗尽时)，将会造成无止境的恶心，直到该仪式被停用或你的灵魂网路重新填充。"
    },
    {
      "type": "patchouli:text",
      "text": "为了填充你的$(thing)灵魂网路$()，你需要制作一个$(item)血宝珠$()。 $(br2)血宝珠可以有两种方式存入$(blood)LP$()。 $(li)玩家可以透过按下[$(k:use)]来消耗一颗心填充$(item)血宝珠$()，提供给$(thing)灵魂网路$()$(blood)200 LP$()。 $(li)$(item)血宝珠$() 也能够被放置在$(l:bloodmagic:altar/blood_altar)血祭坛$(/l)上吸收$(blood)生命精华$()。宝珠将会以能够吸收的速度吸收，速度受限祭坛的$(item)速度符文$()。"
    },
    {
      "type": "patchouli:text",
      "text": "每一阶级的$(item)血祭坛$()都能够制作一种阶级的$(item)血宝珠$()。 这些配方将在后面的页面中纪载。 $(li)$(item)微弱血宝珠$() - 最大容量: $(blood)5k LP$()。	  $(li)$(item)学徒血宝珠$() - 最大容量: $(blood)25k LP$()。 $(li)$(item)法师血宝珠$() - 最大容量: $(blood)150k LP$()。 $(li)$(item)大师血宝珠$() - 最大容量: $(blood)1M LP$()。 $(li)$(item)大法师血宝珠$() - 最大容量: $(blood)10M LP$()。"
    },
    {
      "type": "bloodmagic:2x_crafting_altar",
      "a.heading": "微弱血宝珠",
      "a.recipe": "bloodmagic:altar/weakbloodorb",
      "b.heading": "学徒血宝珠",
      "b.recipe": "bloodmagic:altar/apprenticebloodorb"
    },
    {
      "type": "bloodmagic:2x_crafting_altar",
      "a.heading": "法师血宝珠",
      "a.recipe": "bloodmagic:altar/magicianbloodorb",
      "b.heading": "大师血宝珠",
      "b.recipe": "bloodmagic:altar/masterbloodorb"
    },
    {
      "type": "bloodmagic:crafting_altar",
      "heading": "大法师血宝珠",
      "recipe": "bloodmagic:altar/archmagebloodorb",
      "text":"如果这依然不能满足你储存$(blood)LP$()的需求，请考虑使用$(l:bloodmagic:altar/blood_rune/orb_rune)宝珠符文$()。"
    }
  ]
}
