{
  "name": "地城钥匙",
  "icon": "bloodmagic:simplekey",
  "category": "bloodmagic:dungeons",
  "extra_recipe_mappings": {
    "bloodmagic:mineentrancekey": 2
  },
  "pages": [
    {
      "type": "patchouli:text",
      "text": "$(item)钥匙$()是最初探索$(thing)地城$()的方式。它们能够在$(thing)魔域$()的地城箱子中找到，也能够制作。最基本的一种是$(item)铁钥匙$()，在$(thing)魔域$()的浅层$(thing)前厅$()发现。"
    },
    {
      "type": "patchouli:text",
      "text": "最后，你可能在探索地城时发现$(thing)空间扭曲$()。这些只能使用特别罕见的钥匙开启，而这些钥匙无法被制作，而是必须在魔域地城的某个地方找到。空间扭曲只能在魔域深层发现，你永远不会在前厅发现它们。"
    },
    {
      "type": "patchouli:spotlight",
      "item": "bloodmagic:mineentrancekey",
      "title": "矿坑",
      "text": "$(thing)矿坑$()的入口只能使用$(thing)领班钥匙$()打开，而其他的门则能使用$(thing)矿工钥匙$()。矿坑能让你获得$(l:bloodmagic:dungeons/demonite)恶魔合金矿$()以及更稀有的战利品，但也会带来相应的挑战。"
    },
    {
      "type": "bloodmagic:crafting_soulforge",
      "heading": "铁钥匙",
      "recipe": "bloodmagic:soulforge/simple_key",
      "text": "$(italic)如果这么简单，我们为何不直接撬开?$()"
    },
    {
      "type": "bloodmagic:crafting_soulforge",
      "heading": "矿工钥匙",
      "recipe": "bloodmagic:soulforge/mine_key",
      "text": "$(italic)准备上工..!$()"
    }
  ]
}