{
  "name": "前厅",
  "icon": "bloodmagic:dungeon_seal",
  "category": "bloodmagic:dungeons",
  "extra_recipe_mappings": {
    "bloodmagic:inversion_pillar": 0,
    "bloodmagic:dungeon_seal": 0,
    "bloodmagic:dungeon_controller": 0,
    "bloodmagic:inversion_pillar_cap": 0,
    "bloodmagic:dungeon_brick3": 1,
    "bloodmagic:dungeon_brick2": 1,
    "bloodmagic:dungeon_brick1": 1,
    "bloodmagic:dungeon_brick_assorted": 1,
    "bloodmagic:dungeon_stone": 1,
    "bloodmagic:dungeon_eye": 1,
    "bloodmagic:dungeon_polished": 1,
    "bloodmagic:dungeon_tile": 1,
    "bloodmagic:dungeon_tilespecial": 1,
    "bloodmagic:dungeon_smallbrick": 1,
    "bloodmagic:dungeon_brick_stairs": 1,
    "bloodmagic:dungeon_polished_stairs": 1,
    "bloodmagic:dungeon_pillar_center": 1,
    "bloodmagic:dungeon_pillar_special": 1,
    "bloodmagic:dungeon_pillar_cap": 1,
    "bloodmagic:dungeon_brick_wall": 1,
    "bloodmagic:dungeon_polished_wall": 1,
    "bloodmagic:dungeon_brick_gate": 1,
    "bloodmagic:dungeon_polished_gate": 1,
    "bloodmagic:dungeon_brick_slab": 1,
    "bloodmagic:dungeon_tile_slab": 1,
    "bloodmagic:dungeon_regular_cracked_brick1": 1,
    "bloodmagic:dungeon_cracked_brick1": 1,
    "bloodmagic:dungeon_emitter": 1,
    "bloodmagic:dungeon_alternator": 1,
    "bloodmagic:spikes": 1,
    "bloodmagic:dungeon_spike_trap": 1
  },
  "pages": [
    {
      "type": "patchouli:text",
      "text": "在活化$(l:bloodmagic:rituals/ritual_list/ritual_simple_dungeon)隐域仪式$()后，你会发现自己看到一根$(thing)反转之柱$()。右键点击柱子，你就会传送到前厅，这就是你在$(thing)魔域$()的起点。$(br)在这房间有几件事情值得注意: $(li)一个包含基本战利品的宝箱，如果你运气好还会有几把$(l:bloodmagic:dungeons/keys)铁钥匙$()。"
    },
    {
      "type": "patchouli:text",
      "text": "$(li)其次，有一些$(thing)门$()，都被$(thing)地城的力量封锁著$()，可以使用$(item)钥匙$()来解锁房间。$(li)最后，$(item)反转之柱$()，在之前的柱子前镜像被召唤出现。按下[$(k:use)]返回你的世界。$(br2)这里还有大量的装饰性方块，如果你认为你的基地需要一些装饰。"
    },
    {
      "type": "patchouli:text",
      "text": "你打开的所有其他房间都会包含一些战利品，怪物，陷阱，和可能没有活化的仪式。保持警惕! $(br2)你可能会发现的战利品例子: $(li)附魔书$(li)附魔武器及装甲$(li)$(l:bloodmagic:alchemy_table/anointments)各类药剂$() $(li)$(l:bloodmagic:demon_will/will_manipulation/demon_will)恶魔意志$() $(li)药水原料"
    },
    {
      "type": "patchouli:text",
      "text": "$(li)血命果$(li)饱满血命果$(li)血命油$(br2)因此开始狩猎吧，并留意宝藏和陷阱!"
    }
  ]
}