{
  "name": "基础炼金阵",
  "icon": "bloodmagic:arcaneashes",
  "category": "bloodmagic:alchemy_array/functional_array",
  "pages": [
    {
      "type": "patchouli:text",
      "text": "$(item)奥术灰烬$()是一种创造炼金阵的重要物品。$(item)奥术灰烬$()可以在$(l:bloodmagic:alchemy_table/alchemy_table)炼金桌$()使用一些早期道具进行制作。"
    },
    {
      "type": "bloodmagic:crafting_alchemy_table",
      "heading": "奥术灰烬",
      "recipe": "bloodmagic:alchemytable/arcane_ash"
    },
    {
      "type": "patchouli:text",
      "text": "为了创造炼金阵请在手上拿著$(item)奥术灰烬$()时对著方块按下[$(k:use)]。这将消耗$(item)奥术灰烬$()20点耐久度中的1点。并且画出一个简易的$(thing)炼金阵$()，本身没有任何效果。 $(br2)当你点击$(thing)炼金阵$()，将会消耗你手中的一个$(item)物品$()并保存在炼金阵中。这些物品将用来确定$(thing)炼金阵$()的效果。"
    },
    {
      "type": "patchouli:image",
      "images": [
        "bloodmagic:images/entries/alchemy_array/simple_array.png",
        "bloodmagic:images/entries/alchemy_array/divination_array_1.png",
        "bloodmagic:images/entries/alchemy_array/divination_array_2.png"
      ],
      "title": "炼金阵",
      "border": true,
      "text": "$(thing)炼金阵$() 显示炼金阵: 没有输入;只有$(item)基本物品$();含$(item)基底$()及$(item)催化剂$()。"
    },
    {
      "type": "patchouli:text",
      "text": "每个效果都需要两个物品:$(item)基底$()和$(item)催化剂$()。$(item)基底$()为你在绘制炼金阵后使用的第一个物品，而$(item)催化剂$()则是第二个物品。当你使用了$(item)基底$()时，如果炼金阵是有效的，它将会转化，一但使用$(item)催化剂$()，炼金阵将被活化。"
    },
    {
      "type": "patchouli:text",
      "text": "虽然目前只实现了几个炼金阵，但你最后会拥有从简单的$(l:bloodmagic:alchemy_array/functional_arrays/crafting_array)制作阵$(/l)到复杂的传送阵。"
    }
  ]
}
