{
  "name": "位移阵",
  "icon": "minecraft:feather",
  "category": "bloodmagic:alchemy_array/functional_array",
  "pages": [
    {
      "type": "patchouli:text",
      "text": "位移阵一对能够将玩家﹑生物﹑物品等抛向特定方向的炼金阵。一个为水平方向，另一种则是垂直方向。"
    },
    {
      "type": "bloodmagic:2x_functional_array",
      "a.heading": "速度阵",
      "a.recipe": "bloodmagic:array/movement",
      "a.image": "movementarray.png",
      "b.heading": "上升阵",
      "b.recipe": "bloodmagic:array/updraft",
      "b.image": "updraftarray.png"
    }
  ]
}
