{
  "name": "立即伤害",
  "icon": "minecraft:iron_sword",
  "category": "bloodmagic:alchemy_table/potion_flasks/vanilla",
  "pages": [
    {
      "type": "patchouli:text",
      "text": "$(thing)立即伤害$()对目标造成每级6点$(thing)魔法伤害$()。如果目标为$(thing)不死生物$()，则会恢复6点生命。$(br2)由$(l:bloodmagic:alchemy_table/potion_flasks/vanilla/instant_health)立即治疗$()或$(l:bloodmagic:alchemy_table/potion_flasks/vanilla/poison)中毒$()效果药水所制作。"
    },
    {
      "type": "bloodmagic:3x_crafting_flask",
      "a.heading": "伤害 来自 治愈",
      "a.recipe": "bloodmagic:flask/health_to_harm",
      "b.heading": "伤害 来自 中毒",
      "b.recipe": "bloodmagic:flask/poison_to_harm",
      "c.heading": "立即伤害 II",
      "c.recipe": "bloodmagic:flask/potency_harm"
    },
    {
      "type": "patchouli:text",
      "text": "添加$(l:bloodmagic:alchemy_table/potions#average_potions)标准催化剂$()可以更进一步提升效果。"
    },
    {
      "type": "bloodmagic:crafting_flask",
      "heading": "立即伤害 III",
      "recipe": "bloodmagic:flask/potency_average_harm"
    }
  ]
}
