{
  "name": "缓降",
  "icon": "minecraft:phantom_membrane",
  "category": "bloodmagic:alchemy_table/potion_flasks/vanilla",
  "pages": [
    {
      "type": "patchouli:text",
      "text": "$(thing)缓降$()使目标缓慢降落，不受坠落伤害，就像一只鸡。"
    },
    {
      "type": "bloodmagic:3x_crafting_flask",
      "a.heading": "缓降 (3:00)",
      "a.recipe": "bloodmagic:flask/slow_fall",
      "b.heading": "缓降 (8:00)",
      "b.recipe": "bloodmagic:flask/length_slow_fall",
      "c.heading": "缓降 (21:20)",
      "c.recipe": "bloodmagic:flask/length_average_slow_fall"
    }
  ]
}
