{
  "name": "炸药",
  "icon": "bloodmagic:shaped_charge",
  "category": "bloodmagic:demon_will/demonic_items",
  "pages":[
    {
      "type": "patchouli:text",
      "text": "采矿和伐木对于那些拒绝做大事的人来说很好，但哪个自尊心强的炼金术士会屈服于此? $(br2)考虑到了这一点，你已经设计了一些有用的装置。只需要将它们扔向讨厌的树木，石头，或其他你不希望它存在的东西，然后等待爆炸。"
    },
    {
      "type": "patchouli:text",
      "text": "不仅如此，你还能够透过以下方式改良它们，涂抹一些$(item)药剂$()再加上一点$(raw)意志$()，如后面条目所述。$(br2)目前可用的药剂如下: $(li)吉运- 遭破坏的方块受到$(thing)吉运$()影响。 $(li)加热工具 - 遭破坏的方块被$(thing)冶炼$()。 $(li)柔软覆层- 遭破坏的方块适用于$(thing)丝绸之触$()。 $(li)虚无- 方块将会直接被销毁。"
    },
    {
      "type": "bloodmagic:crafting_soulforge",
      "heading": "方形炸药",
      "recipe": "bloodmagic:soulforge/shaped_charge",
	  "anchor":"shaped_charge",
	  "text": "$(item)方形炸药$()将会破坏范围为5*5*5的方形区域，无论它掉在哪个面，都会掉落所有的掉落物，就像亲手挖掘的一样。甚至对黑曜石有效，并在这样做的同时提供令人满意的$(o)KABOOM$()。"
    },
    {
      "type": "bloodmagic:3x_crafting_soulforge",
      "a.heading": "虚无",
      "a.recipe": "bloodmagic:soulforge/shaped_charge_voiding",
      "b.heading": "加热工具",
      "b.recipe": "bloodmagic:soulforge/shaped_charge_smelting",
      "c.heading": "柔软覆层",
      "c.recipe": "bloodmagic:soulforge/shaped_charge_silk_touch"
    },
    {
      "type": "bloodmagic:crafting_soulforge",
      "heading": "吉运",
      "recipe": "bloodmagic:soulforge/shaped_charge_fortune_1"
    },
    {
      "type": "bloodmagic:crafting_soulforge",
      "heading": "增强方形炸药",
      "recipe": "bloodmagic:soulforge/aug_shaped_charge",
      "anchor":"shaped_charge_2",
      "text": "$(item)增强方形炸药$()是方形炸药的升级版。将会破坏范围为7*7*7的方形区域，无论它掉在哪个面，都会掉落所有的掉落物，就像亲手挖掘的一样。同时能用利用药剂赋予$(thing)吉运 II$()。"
    },
    {
      "type": "bloodmagic:3x_crafting_soulforge",
      "a.heading": "虚无",
      "a.recipe": "bloodmagic:soulforge/aug_shaped_charge_voiding",
      "b.heading": "加热工具",
      "b.recipe": "bloodmagic:soulforge/aug_shaped_charge_smelting_l",
      "c.heading": "柔软覆层",
      "c.recipe": "bloodmagic:soulforge/aug_shaped_charge_silk_touch_l"
    },
    {
      "type": "bloodmagic:2x_crafting_soulforge",
      "a.heading": "吉运",
      "a.recipe": "bloodmagic:soulforge/aug_shaped_charge_fortune_1_l",
      "b.heading": "吉运II",
      "b.recipe": "bloodmagic:soulforge/aug_shaped_charge_fortune_2_l"
    },
    {
      "type": "bloodmagic:crafting_soulforge",
      "heading": "隧道型方形炸药",
      "recipe": "bloodmagic:soulforge/shaped_charge",
      "anchor":"shaped_charge",
      "text": "$(item)隧道型方形炸药$()将会破坏范围为5*5*20的隧道形区域，无论它掉在哪个面，都会掉落所有的掉落物，就像亲手挖掘的一样。适合用于采矿。"
    },
    {
      "type": "bloodmagic:3x_crafting_soulforge",
      "a.heading": "虚无",
      "a.recipe": "bloodmagic:soulforge/shaped_charge_deep_voiding",
      "b.heading": "加热工具",
      "b.recipe": "bloodmagic:soulforge/shaped_charge_deep_smelting_l",
      "c.heading": "柔软覆层",
      "c.recipe": "bloodmagic:soulforge/shaped_charge_deep_silk_touch_l"
    },
    {
      "type": "bloodmagic:2x_crafting_soulforge",
      "a.heading": "吉运",
      "a.recipe": "bloodmagic:soulforge/shaped_charge_deep_fortune_1_l",
      "b.heading": "吉运II",
      "b.recipe": "bloodmagic:soulforge/shaped_charge_deep_fortune_2_l"
    },
    {
      "type": "bloodmagic:crafting_soulforge",
      "heading": "采伐者炸药",
      "recipe": "bloodmagic:soulforge/deforester_charge",
	  "anchor":"deforester_charge",
	  "text": "$(item)采伐者炸药$()是用来伐木的，能够使用在树木，树叶上，除了最强大的树干外，也能够砍倒所有的木头，一次最多可以破坏$(item)2堆原木$()(并在这个过程完美的除去树叶!)即使是丛林巨木也会在几秒内倒下。"
    },
    {
      "type": "bloodmagic:3x_crafting_soulforge",
      "a.heading": "虚无",
      "a.recipe": "bloodmagic:soulforge/deforester_charge_voiding",
      "b.heading": "加热工具",
      "b.recipe": "bloodmagic:soulforge/deforester_charge_smelting",
      "c.heading": "柔软覆层",
      "c.recipe": "bloodmagic:soulforge/deforester_charge_silk_touch"
    },
    {
      "type": "bloodmagic:crafting_soulforge",
      "heading": "吉运",
      "recipe": "bloodmagic:soulforge/deforester_charge_fortune_1"
    },
    {
      "type": "bloodmagic:crafting_soulforge",
      "heading": "采伐者炸药 II",
      "recipe": "bloodmagic:soulforge/deforester_charge_2",
      "anchor":"deforester_charge_2",
      "text": "$(item)采伐者炸药 II$()，是采伐者炸药的升级版。用于破坏树木。它能够砍断8*64的原木，清除所有连接的树叶。在任何你可能碰到喜欢的黑橡木林，或丛林中为自己创造一片空旷的空地非常好用。"
    },
    {
      "type": "bloodmagic:3x_crafting_soulforge",
      "a.heading": "虚无",
      "a.recipe": "bloodmagic:soulforge/deforester_charge_voiding",
      "b.heading": "加热工具",
      "b.recipe": "bloodmagic:soulforge/deforester_charge_2_smelting_l",
      "c.heading": "柔软覆层",
      "c.recipe": "bloodmagic:soulforge/deforester_charge_2_silk_touch_l"
    },
    {
      "type": "bloodmagic:2x_crafting_soulforge",
      "a.heading": "吉运",
      "a.recipe": "bloodmagic:soulforge/deforester_charge_2_fortune_1_l",
      "b.heading": "吉运II",
      "b.recipe": "bloodmagic:soulforge/deforester_charge_2_fortune_2_l"
    },
    {
      "type": "bloodmagic:crafting_soulforge",
      "heading": "可控炸药",
      "recipe": "bloodmagic:soulforge/vein_charge",
      "anchor":"controlled_charge",
      "text": "$(item)可控炸药$()只会破坏与它所在区域$(thing)相同的方块$()。它可以最多摧毁3堆方块，并追踪至起点，如同其他炸药一样，所有被破坏的方块将会有掉落物。"
    },
    {
      "type": "bloodmagic:3x_crafting_soulforge",
      "a.heading": "虚无",
      "a.recipe": "bloodmagic:soulforge/vein_charge_voiding",
      "b.heading": "加热工具",
      "b.recipe": "bloodmagic:soulforge/vein_charge_smelting",
      "c.heading": "柔软覆层",
      "c.recipe": "bloodmagic:soulforge/vein_charge_silk_touch"
    },
    {
      "type": "bloodmagic:crafting_soulforge",
      "heading": "吉运",
      "recipe": "bloodmagic:soulforge/vein_charge_fortune_1"
    },
    {
      "type": "bloodmagic:crafting_soulforge",
      "heading": "可控炸药 II",
      "recipe": "bloodmagic:soulforge/vein_charge_2",
      "anchor":"controlled_charge_2",
      "text": "$(item)可控炸药 II$()的作用与$(item)可控炸药$()相同，但是它最多可以同时破坏8堆方块。"
    },
    {
      "type": "bloodmagic:3x_crafting_soulforge",
      "a.heading": "虚无",
      "a.recipe": "bloodmagic:soulforge/vein_charge_2_voiding",
      "b.heading": "加热工具",
      "b.recipe": "bloodmagic:soulforge/vein_charge_2_smelting_l",
      "c.heading": "柔软覆层",
      "c.recipe": "bloodmagic:soulforge/vein_charge_2_silk_touch_l"
    },
    {
      "type": "bloodmagic:2x_crafting_soulforge",
      "a.heading": "吉运",
      "a.recipe": "bloodmagic:soulforge/vein_charge_2_fortune_1_l",
      "b.heading": "吉运II",
      "b.recipe": "bloodmagic:soulforge/vein_charge_2_fortune_2_l"
    },
    {
      "type": "bloodmagic:crafting_soulforge",
      "heading": "真菌炸药",
      "recipe": "bloodmagic:soulforge/fungal_charge",
      "anchor":"fungal_charge",
      "text": "$(item)真菌炸药$()用于砍下巨大蘑菇，无论在主世界或是地狱。虽然你是否能在一次爆破中达到这个数字令人怀疑，但他一次能够破坏$(item)3堆方块$()。"
    },
    {
      "type": "bloodmagic:3x_crafting_soulforge",
      "a.heading": "虚无",
      "a.recipe": "bloodmagic:soulforge/fungal_charge_voiding",
      "b.heading": "加热工具",
      "b.recipe": "bloodmagic:soulforge/fungal_charge_smelting",
      "c.heading": "柔软覆层",
      "c.recipe": "bloodmagic:soulforge/fungal_charge_silk_touch"
    },
    {
      "type": "bloodmagic:crafting_soulforge",
      "heading": "吉运",
      "recipe": "bloodmagic:soulforge/fungal_charge_fortune_1"
    },
    {
      "type": "bloodmagic:crafting_soulforge",
      "heading": "真菌炸药 II",
      "recipe": "bloodmagic:soulforge/fungal_charge",
      "anchor":"fungal_charge_2",
      "text": "$(item)真菌炸药 II$()用于砍下巨大蘑菇，无论在主世界或是地狱。一次爆破可以破坏8堆方块。$(br2)你真的需要这东西?"
    },
    {
      "type": "bloodmagic:3x_crafting_soulforge",
      "a.heading": "虚无",
      "a.recipe": "bloodmagic:soulforge/fungal_charge_2_voiding",
      "b.heading": "加热工具",
      "b.recipe": "bloodmagic:soulforge/fungal_charge_2_smelting_l",
      "c.heading": "柔软覆层",
      "c.recipe": "bloodmagic:soulforge/fungal_charge_2_silk_touch_l"
    },
    {
      "type": "bloodmagic:2x_crafting_soulforge",
      "a.heading": "吉运",
      "a.recipe": "bloodmagic:soulforge/fungal_charge_2_fortune_1_l",
      "b.heading": "吉运II",
      "b.recipe": "bloodmagic:soulforge/fungal_charge_2_fortune_2_l"
    }
  ]
}
